fold,f1_score,recall,precision,roc_auc,accuracy
1,0.8181818181818182,0.8333333333333334,0.8035714285714286,0.9891595994442048,0.9875
2,0.8,0.7777777777777778,0.8235294117647058,0.9788342676440995,0.986875
3,0.8148148148148148,0.8148148148148148,0.8148148148148148,0.9615974318432275,0.9875
4,0.8461538461538461,0.8148148148148148,0.88,0.9853504863207321,0.99
5,0.831858407079646,0.8545454545454545,0.8103448275862069,0.9654839658723153,0.988125
