fold,mae,rmse,r2
1,0.8960069417953491,1.2603858544653024,0.9995959401130676
2,0.9572237133979797,1.414630923175268,0.9994978308677673
3,0.9073295593261719,1.3402006157826254,0.9995595812797546
4,0.9234660267829895,1.2811694701403822,0.9995751976966858
5,0.9317253232002258,1.3741566065475352,0.9995420575141907
