fold,mae,rmse,r2
1,49.80836868286133,60.86447748186642,0.05780452489852905
2,49.66664123535156,60.62280319795617,0.07776081562042236
3,50.47795104980469,60.55050593951507,0.10101538896560669
4,49.34530258178711,59.75498475545785,0.07592064142227173
5,50.612247467041016,61.057164157221344,0.09596288204193115
