mae,rmse,r2,test_set_size
51.30975129795075,61.86137607493309,0.10364388127784496,2000
