metric,test_set
mae,0.8839754462242126
rmse,1.3742861628737029
r2,0.999557614326477
